{
    "name": "root",
    "metadata": {
        "timer_format_version": "0.1.0",
        "start_time_seconds": "1619547483",
        "python_version": "3.9.4 (tags/v3.9.4:1f2e308, Apr  6 2021, 13:40:21) [MSC v.1928 64 bit (AMD64)]",
        "command_line_arguments": "C:\\Users\\urban\\AppData\\Local\\Programs\\Python\\Python39\\Scripts\\mlagents-learn --force",
        "mlagents_version": "0.25.1",
        "mlagents_envs_version": "0.25.1",
        "communication_protocol_version": "1.5.0",
        "pytorch_version": "1.7.1",
        "numpy_version": "1.19.5",
        "end_time_seconds": "1619547534"
    },
    "total": 50.7702053,
    "count": 1,
    "self": 0.005177800000005561,
    "children": {
        "run_training.setup": {
            "total": 0.051457000000000086,
            "count": 1,
            "self": 0.051457000000000086
        },
        "TrainerController.start_learning": {
            "total": 50.713570499999996,
            "count": 1,
            "self": 0.09299249999990167,
            "children": {
                "TrainerController._reset_env": {
                    "total": 9.8556066,
                    "count": 1,
                    "self": 9.8556066
                },
                "TrainerController.advance": {
                    "total": 40.66142920000009,
                    "count": 3066,
                    "self": 0.047251100000131885,
                    "children": {
                        "env_step": {
                            "total": 40.61417809999996,
                            "count": 3066,
                            "self": 31.185289299999624,
                            "children": {
                                "SubprocessEnvManager._take_step": {
                                    "total": 9.383340200000239,
                                    "count": 3066,
                                    "self": 0.18698730000022223,
                                    "children": {
                                        "TorchPolicy.evaluate": {
                                            "total": 9.196352900000017,
                                            "count": 2387,
                                            "self": 2.5604501000000415,
                                            "children": {
                                                "TorchPolicy.sample_actions": {
                                                    "total": 6.635902799999975,
                                                    "count": 2387,
                                                    "self": 6.635902799999975
                                                }
                                            }
                                        }
                                    }
                                },
                                "workers": {
                                    "total": 0.045548600000099526,
                                    "count": 3065,
                                    "self": 0.0,
                                    "children": {
                                        "worker_root": {
                                            "total": 44.95724569999984,
                                            "count": 3065,
                                            "is_parallel": true,
                                            "self": 20.489346399999945,
                                            "children": {
                                                "steps_from_proto": {
                                                    "total": 0.00037690000000001334,
                                                    "count": 1,
                                                    "is_parallel": true,
                                                    "self": 0.00015639999999983445,
                                                    "children": {
                                                        "_process_rank_one_or_two_observation": {
                                                            "total": 0.00022050000000017889,
                                                            "count": 2,
                                                            "is_parallel": true,
                                                            "self": 0.00022050000000017889
                                                        }
                                                    }
                                                },
                                                "UnityEnvironment.step": {
                                                    "total": 24.467522399999893,
                                                    "count": 3065,
                                                    "is_parallel": true,
                                                    "self": 0.2744922999998849,
                                                    "children": {
                                                        "UnityEnvironment._generate_step_input": {
                                                            "total": 1.3946938000002191,
                                                            "count": 3065,
                                                            "is_parallel": true,
                                                            "self": 1.3946938000002191
                                                        },
                                                        "communicator.exchange": {
                                                            "total": 21.864402899999945,
                                                            "count": 3065,
                                                            "is_parallel": true,
                                                            "self": 21.864402899999945
                                                        },
                                                        "steps_from_proto": {
                                                            "total": 0.9339333999998427,
                                                            "count": 3065,
                                                            "is_parallel": true,
                                                            "self": 0.3912056999997926,
                                                            "children": {
                                                                "_process_rank_one_or_two_observation": {
                                                                    "total": 0.5427277000000501,
                                                                    "count": 6130,
                                                                    "is_parallel": true,
                                                                    "self": 0.5427277000000501
                                                                }
                                                            }
                                                        }
                                                    }
                                                }
                                            }
                                        }
                                    }
                                }
                            }
                        }
                    }
                },
                "trainer_threads": {
                    "total": 3.4499999998161e-05,
                    "count": 1,
                    "self": 3.4499999998161e-05,
                    "children": {
                        "thread_root": {
                            "total": 0.0,
                            "count": 0,
                            "is_parallel": true,
                            "self": 0.0,
                            "children": {
                                "trainer_advance": {
                                    "total": 40.70552209999999,