{
    "name": "root",
    "metadata": {
        "timer_format_version": "0.1.0",
        "start_time_seconds": "1620650382",
        "python_version": "3.9.4 (tags/v3.9.4:1f2e308, Apr  6 2021, 13:40:21) [MSC v.1928 64 bit (AMD64)]",
        "command_line_arguments": "C:\\Users\\urban\\AppData\\Local\\Programs\\Python\\Python39\\Scripts\\mlagents-learn --force",
        "mlagents_version": "0.25.1",
        "mlagents_envs_version": "0.25.1",
        "communication_protocol_version": "1.5.0",
        "pytorch_version": "1.7.1",
        "numpy_version": "1.19.5",
        "end_time_seconds": "1620650526"
    },
    "total": 143.80613409999998,
    "count": 1,
    "self": 0.002724699999987479,
    "children": {
        "run_training.setup": {
            "total": 0.03228949999999997,
            "count": 1,
            "self": 0.03228949999999997
        },
        "TrainerController.start_learning": {
            "total": 143.7711199,
            "count": 1,
            "self": 0.018106500000016013,
            "children": {
                "TrainerController._reset_env": {
                    "total": 3.7631425000000003,
                    "count": 1,
                    "self": 3.7631425000000003
                },
                "TrainerController.advance": {
                    "total": 139.8944432,
                    "count": 813,
                    "self": 0.008152599999903032,
                    "children": {
                        "env_step": {
                            "total": 139.8862906000001,
                            "count": 813,
                            "self": 138.53522490000012,
                            "children": {
                                "SubprocessEnvManager._take_step": {
                                    "total": 1.3429548999999588,
                                    "count": 813,
                                    "self": 0.03346289999998486,
                                    "children": {
                                        "TorchPolicy.evaluate": {
                                            "total": 1.309491999999974,
                                            "count": 672,
                                            "self": 0.4165652999999745,
                                            "children": {
                                                "TorchPolicy.sample_actions": {
                                                    "total": 0.8929266999999994,
                                                    "count": 672,
                                                    "self": 0.8929266999999994
                                                }
                                            }
                                        }
                                    }
                                },
                                "workers": {
                                    "total": 0.00811080000004516,
                                    "count": 812,
                                    "self": 0.0,
                                    "children": {
                                        "worker_root": {
                                            "total": 99.16877439999995,
                                            "count": 812,
                                            "is_parallel": true,
                                            "self": 4.71123939999994,
                                            "children": {
                                                "steps_from_proto": {
                                                    "total": 0.0002735000000000376,
                                                    "count": 1,
                                                    "is_parallel": true,
                                                    "self": 0.0001180000000000625,
                                                    "children": {
                                                        "_process_rank_one_or_two_observation": {
                                                            "total": 0.0001554999999999751,
                                                            "count": 2,
                                                            "is_parallel": true,
                                                            "self": 0.0001554999999999751
                                                        }
                                                    }
                                                },
                                                "UnityEnvironment.step": {
                                                    "total": 94.4572615,
                                                    "count": 812,
                                                    "is_parallel": true,
                                                    "self": 0.0454719999999611,
                                                    "children": {
                                                        "UnityEnvironment._generate_step_input": {
                                                            "total": 0.24588199999996307,
                                                            "count": 812,
                                                            "is_parallel": true,
                                                            "self": 0.24588199999996307
                                                        },
                                                        "communicator.exchange": {
                                                            "total": 94.00724569999998,
                                                            "count": 812,
                                                            "is_parallel": true,
                                                            "self": 94.00724569999998
                                                        },
                                                        "steps_from_proto": {
                                                            "total": 0.15866180000009145,
                                                            "count": 812,
                                                            "is_parallel": true,
                                                            "self": 0.06471230000011019,
                                                            "children": {
                                                                "_process_rank_one_or_two_observation": {
                                                                    "total": 0.09394949999998126,
                                                                    "count": 1624,
                                                                    "is_parallel": true,
                                                                    "self": 0.09394949999998126
                                                                }
                                                            }
                                                        }
                                                    }
                                                }
                                            }
                                        }
                                    }
                                }
                            }
                        }
                    }
                },
                "trainer_threads": {
                    "total": 1.4399999997749546e-05,
                    "count": 1,
                    "self": 1.4399999997749546e-05,
                    "children": {
                        "thread_root": {
                            "total": 0.0,
                            "count": 0,
                            "is_parallel": true,
                            "self": 0.0,
                            "children": {
                                "trainer_advance": {
                                    "total": 139.76948339999944,