{"count":1,"self":6.9393759999999993,"total":45.559837599999994,"children":{"AgentSendState":{"count":11951,"self":0.3244048,"total":0.6480429,"children":{"CollectObservations":{"count":21519,"self":0.062844299999999992,"total":0.062844299999999992,"children":null},"CollectDiscreteActionMasks":{"count":21519,"self":0.0299145,"total":0.0299145,"children":null},"AgentInfo.ToProto":{"count":21519,"self":0.1127141,"total":0.23087929999999998,"children":{"GenerateSensorData":{"count":21519,"self":0.1181652,"total":0.1181652,"children":null}}}}},"DecideAction":{"count":11951,"self":37.8349344,"total":37.834933899999996,"children":null},"AgentAct":{"count":11951,"self":0.091628599999999991,"total":0.091628599999999991,"children":null},"AgentInfo.ToProto":{"count":2182,"self":0.0219005,"total":0.043861,"children":{"GenerateSensorData":{"count":2182,"self":0.021960499999999997,"total":0.021960499999999997,"children":null}}}},"gauges":{"PositionRecon.CumulativeReward":{"count":2182,"max":10011.2393,"min":-37.17086,"runningAverage":412.311584,"value":12.4769917,"weightedAverage":1414.51965}},"metadata":{"timer_format_version":"0.1.0","start_time_seconds":"1619547488","unity_version":"2020.3.1f1","command_line_arguments":"C:\\Program Files\\Unity\\Hub\\Editor\\2020.3.1f1\\Editor\\Unity.exe -projectpath C:\/Git Projects\/Neural Speech Recognition Unity\/SpeechSensors -useHub -hubIPC -cloudEnvironment production -hubSessionId f5f83dd0-a660-11eb-87b0-49942fd9adbc -accessToken jwz6P8MGMthMHyuyCqDPdqJtFI-4Vk9h4RMxshLjPTw009f","communication_protocol_version":"1.0.0","com.unity.ml-agents_version":"1.0.7","scene_name":"MainScene","end_time_seconds":"1619547534"}}